arm,condition,easy,moderate,hard
U,identity10,54.129191342705965,31.8639020562047,26.071837142759215
U,awgn6,44.01494020836903,25.3073478672981,21.0929418600804
U,awgn10,48.998791581993224,28.55250967153794,23.34310714521386
U,awgn18,54.850184940061176,31.716037797092834,26.6314320893117
G,identity10,55.0757880393169,33.24920836883448,27.367172882838155
G,awgn6,46.654449791087735,26.728882238724395,22.553667047800502
G,awgn10,51.17198725769146,29.540467682760287,24.72000210537303
G,awgn18,54.582851300672985,32.1878120606251,26.153288505368284
P,identity10,54.89722169877511,33.207239287713094,27.026526089309744
P,awgn6,48.142236293410754,28.190435044668575,22.922758572850835
P,awgn10,52.29117769604128,29.433569764360996,24.69239035794308
P,awgn18,54.673620398712174,31.70520604054304,25.668649010339845
S,identity10,58.580069432589966,34.53160759857707,28.295445139290955
S,awgn6,46.539346141453045,27.15609099334888,22.311674952010666
S,awgn10,49.95400291134363,29.797786558946125,24.630560009689937
S,awgn18,55.59644618696915,33.48957495668291,27.661707784949456
