channel,snr_db,theta,theta_over_pi,exact_mse_m2,exact_rmse_m,exact_clipping_probability,mc_mse_m2,mc_rmse_m,mc_mse_SE_m2,mc_clipping_probability,clipping_SE,mse_z,quadrature_mse_error,quadrature_probability_error,fallback_events,fallback_probability_bound,passed
awgn,6,-1.5707963267948966,-0.5,29.792214012591003,5.458224437726155,0.5,29.980887235926772,5.475480548401827,0.13695093111194034,0.49987125396728516,0.00048828125,1.3776702487809462,3.953535799290832e-13,5.570590214714199e-15,0,7.20328035571553e-14,True
awgn,6,-1.0471975511965976,-0.3333333333333333,43.38111970576151,6.586434521481369,0.07914243125809012,43.62018246103513,6.604557703664578,0.09022614545633666,0.0794057846069336,0.0002636337263213129,2.649595126385013,4.816272243940268e-13,1.548171195801531e-11,0,7.20328035571553e-14,True
awgn,6,0.0,0.0,50.167664061839986,7.082913529179923,0.002388290780932806,50.17311591523561,7.083298378244108,0.08469258022952188,0.0023670196533203125,4.76677237092333e-05,0.06437226709650459,5.892758767165401e-13,6.546553712155862e-17,0,7.20328035571553e-14,True
awgn,6,1.0471975511965976,0.3333333333333333,43.38111970576152,6.58643452148137,0.07914243125809012,43.474781426669225,6.593540886858079,0.0888503975325941,0.0794057846069336,0.0002636337263213129,1.0541508367854526,4.816272243940268e-13,1.548171195801531e-11,0,7.20328035571553e-14,True
awgn,6,1.5707963267948966,0.5,29.79221401259101,5.458224437726156,0.5,29.77032445024559,5.4562188785133605,0.13438427707681844,0.49987125396728516,0.00048828125,0.16288782305171626,3.953797011546271e-13,5.570590214714199e-15,0,7.20328035571553e-14,True
awgn,7,-1.5707963267948966,-0.5,20.692457015412273,4.548896241442782,0.4999999999999999,20.540202814566307,4.532130052697772,0.08248230625294777,0.4998302459716797,0.00048828125,1.8459013546378058,5.984132906363964e-13,5.6484121174183835e-15,0,9.068392688088006e-14,True
awgn,7,-1.0471975511965976,-0.3333333333333333,34.118940514685235,5.841142055684422,0.056709034366224556,34.08883185619557,5.838564194748189,0.060370779341894505,0.05678558349609375,0.00022586503590807893,0.4987290013129347,3.816640851053462e-13,6.29596756576343e-16,0,9.068392688088006e-14,True
awgn,7,0.0,0.0,38.36359903395374,6.19383556723568,0.0007726748153784442,38.44587604453632,6.200473856451321,0.06367219758840341,0.000797271728515625,2.7135046667451516e-05,1.2921968095783882,6.789859738615788e-13,2.0317240078530306e-16,0,9.068392688088006e-14,True
awgn,7,1.0471975511965976,0.3333333333333333,34.11894051468524,5.841142055684423,0.056709034366224556,34.20233127290035,5.848275923116176,0.06154059061396415,0.05678558349609375,0.00022586503590807893,1.3550529395827364,3.8166408510534625e-13,6.29596756576343e-16,0,9.068392688088006e-14,True
awgn,7,1.5707963267948966,0.5,20.69245701541228,4.548896241442783,0.4999999999999999,20.63227987737624,4.542276948555234,0.08329695323381352,0.4998302459716797,0.00048828125,0.7224410461583449,5.983846727812405e-13,5.6484121174183835e-15,0,9.068392688088006e-14,True
awgn,8,-1.5707963267948966,-0.5,15.110715078629763,3.887250323638775,0.5,15.178493516256378,3.8959586132627715,0.050894391558279434,0.5000667572021484,0.00048828125,1.3317466925407915,2.1159441949543957e-12,5.57927546248554e-15,0,1.1416429999162411e-13,True
awgn,8,-1.0471975511965976,-0.3333333333333333,27.128339890983472,5.208487293925509,0.037852291732024916,27.133419206623145,5.208974870991714,0.042108832124586236,0.03765869140625,0.00018636613884029542,0.12062352203558789,3.217364065949434e-13,4.202448581525557e-16,0,1.1416429999162411e-13,True
awgn,8,0.0,0.0,29.48119545950625,5.429658871375461,0.0001909077740759932,29.525676193337635,5.433753416685159,0.04681755160642667,0.000194549560546875,1.3491815427730559e-05,0.9500867154547905,4.035565500066182e-12,5.844018014667164e-17,0,1.1416429999162411e-13,True
awgn,8,1.0471975511965976,0.3333333333333333,27.12833989098348,5.20848729392551,0.037852291732024916,27.06793832910668,5.202685684250652,0.0414384099806049,0.03765869140625,0.00018636613884029542,1.4576225754093572,3.2173640659494345e-13,4.202448581525557e-16,0,1.1416429999162411e-13,True
awgn,8,1.5707963267948966,0.5,15.110715078629774,3.8872503236387765,0.5,15.116608564736119,3.8880083030693386,0.04956709763122199,0.5000667572021484,0.00048828125,0.1188991566581581,2.116034134606801e-12,5.57927546248554e-15,0,1.1416429999162411e-13,True
awgn,9,-1.5707963267948966,-0.5,11.478712869527964,3.3880249216214398,0.49999999999999994,11.470616242447061,3.386829821890533,0.029545268313784713,0.49924278259277344,0.00048828124999999995,0.2740414131600653,9.31964426359963e-11,5.323646277335889e-14,0,1.4372433837914822e-13,True
awgn,9,-1.0471975511965976,-0.3333333333333333,21.67060959332583,4.655170200253244,0.02313632606929252,21.6443685367337,4.652350861310194,0.030799154143158706,0.0233612060546875,0.00014681290140923828,0.852005755422864,5.006410217778038e-13,4.589428826366774e-16,0,1.4372433837914822e-13,True
awgn,9,0.0,0.0,22.828133003308864,4.777879550941909,3.362722841961757e-05,22.840431568546148,4.779166409380003,0.03500339623025724,3.814697265625e-05,5.662891988186507e-06,0.35135348456996357,1.8526543845826428e-10,4.3607089763474345e-16,0,1.4372433837914822e-13,True
awgn,9,1.0471975511965976,0.3333333333333333,21.67060959332584,4.655170200253245,0.02313632606929252,21.67058900328625,4.6551679887288975,0.03107180100941274,0.0233612060546875,0.00014681290140923828,0.0006626599978393741,5.006410217778038e-13,4.589428826366774e-16,0,1.4372433837914822e-13,True
awgn,9,1.5707963267948966,0.5,11.478712869527977,3.3880249216214415,0.49999999999999994,11.511486340367915,3.3928581373773814,0.0312148897816401,0.49924278259277344,0.00048828124999999995,1.0499306923458989,9.319698048158901e-11,5.323646277335889e-14,0,1.4372433837914822e-13,True
awgn,10,-1.5707963267948966,-0.5,8.907692128939908,2.984575703335385,0.5000000000000001,8.939732754454193,2.9899385870706765,0.02108636269418044,0.4993600845336914,0.00048828125,1.51949513431859,2.3758060380700784e-12,1.373823547034776e-12,0,1.809382218788134e-13,True
awgn,10,-1.0471975511965976,-0.3333333333333333,17.29740188759234,4.159014533226872,0.012673659338734138,17.303837575395328,4.159788164726099,0.02415260743776301,0.012574195861816406,0.00010923993167573634,0.26645933858575194,1.2121210491083254e-12,3.2257423589097258e-15,0,1.809382218788134e-13,True
awgn,10,0.0,0.0,17.80062084406978,4.219078198382886,3.872108215522043e-06,17.81457817394979,4.220731947654316,0.02637794972796788,3.814697265625e-06,1.9216440505042123e-06,0.5291286860408355,1.3433244596379e-12,1.3578937194926632e-15,0,1.809382218788134e-13,True
awgn,10,1.0471975511965976,0.3333333333333333,17.297401887592343,4.159014533226873,0.012673659338734138,17.284553803084638,4.157469639466371,0.024155978067279062,0.012574195861816406,0.00010923993167573634,0.53188011977496,1.2121210491083254e-12,3.2257423589097258e-15,0,1.809382218788134e-13,True
awgn,10,1.5707963267948966,0.5,8.907692128939908,2.984575703335385,0.5000000000000001,8.936458628390813,2.989391012964148,0.021408888256083038,0.4993600845336914,0.00048828125,1.3436708672964885,2.375849187438223e-12,1.373823547034776e-12,0,1.809382218788134e-13,True
awgn,11,-1.5707963267948966,-0.5,6.976301771392485,2.641268969906792,0.49999999999999994,6.973567944172718,2.6407513976466466,0.015830773731895547,0.4998960494995117,0.00048828124999999995,0.17269068878543722,2.0979507113221493e-12,1.6671780717092242e-11,0,2.277877254880896e-13,True
awgn,11,-1.0471975511965976,-0.3333333333333333,13.761293468258723,3.7096217419379465,0.006055224736647308,13.752136346856808,3.7083872973108956,0.01924025675628889,0.005931854248046875,7.576110565833418e-05,0.4759355094843667,8.863071199136866e-11,5.710222988471833e-15,0,2.277877254880896e-13,True
awgn,11,0.0,0.0,13.951615462575619,3.735186134930309,2.6130679535752e-07,13.938795438605204,3.7334696247063808,0.02029235612805304,9.5367431640625e-07,4.992008757172053e-07,0.6317661630574103,1.1787084182082832e-12,1.1655394213273854e-15,0,2.277877254880896e-13,True
awgn,11,1.0471975511965976,0.3333333333333333,13.76129346825873,3.7096217419379474,0.006055224736647308,13.715962603823362,3.7035067981338123,0.019148335420315597,0.005931854248046875,7.576110565833418e-05,2.3673527458305026,8.863066196961908e-11,5.710222988471833e-15,0,2.277877254880896e-13,True
awgn,11,1.5707963267948966,0.5,6.976301771392489,2.6412689699067924,0.49999999999999994,6.954677833004906,2.637172317654822,0.015749127390839668,0.4998960494995117,0.00048828124999999995,1.3730245397697436,2.096620335275989e-12,1.6671780717092242e-11,0,2.277877254880896e-13,True
awgn,12,-1.5707963267948966,-0.5,5.486498439768364,2.342327568844367,0.5,5.479066414282939,2.34074056962384,0.012326219440678599,0.500269889831543,0.00048828125,0.6029444406042336,8.629980766763082e-13,5.959271291754588e-15,0,2.8676775611174983e-13,True
awgn,12,-1.0471975511965976,-0.3333333333333333,10.912170754476222,3.3033574972255457,0.0024385369083162077,10.91401669364598,3.3036368888916923,0.015326346960008423,0.0024576187133789062,4.8165330173741094e-05,0.12044221461088907,1.5359879092380872e-11,1.5922178953799986e-13,0,2.8676775611174983e-13,True
awgn,12,0.0,0.0,10.972963100547087,3.312546316739901,9.00601035062876e-09,11.0033506696791,3.3171298843547112,0.01578249131701585,0.0,9.26757826367421e-08,1.925397487737022,7.568185775679214e-13,3.6393519436199985e-16,0,2.8676775611174983e-13,True
awgn,12,1.0471975511965976,0.3333333333333333,10.912170754476223,3.303357497225546,0.0024385369083162077,10.934252716573958,3.3066981592782185,0.015350263845718415,0.0024576187133789062,4.8165330173741094e-05,1.4385395794935512,1.5359849333408787e-11,1.5922178953799986e-13,0,2.8676775611174983e-13,True
awgn,12,1.5707963267948966,0.5,5.486498439768367,2.3423275688443677,0.5,5.495328761230338,2.344211756908991,0.012384427741424774,0.500269889831543,0.00048828125,0.7130181261775032,8.628354287008827e-13,5.959271291754588e-15,0,2.8676775611174983e-13,True
awgn,13,-1.5707963267948966,-0.5,4.325532392795959,2.0797914301188856,0.49999999999999994,4.326874176924828,2.0801139817146628,0.009670551442475106,0.5004758834838867,0.00048828124999999995,0.13874949498486094,2.1567335277292918e-13,1.2143597784346949e-14,0,3.6101921545227406e-13,True
awgn,13,-1.0471975511965976,-0.3333333333333333,8.635351993330495,2.938596942986652,0.000792835020667111,8.657285294662895,2.9423265105461858,0.012168634115685362,0.0007505416870117188,2.7486486292854157e-05,1.8024456256867538,2.868303477735422e-11,6.651485965439248e-14,0,3.6101921545227406e-13,True
awgn,13,0.0,0.0,8.651064289586085,2.94126916306313,1.3329310175300416e-10,8.65167230644795,2.941372520856199,0.012280044034509576,0.0,1.1274671067442321e-08,0.04951259622163035,3.2377948269960793e-13,3.911516582062345e-17,0,3.6101921545227406e-13,True
awgn,13,1.0471975511965976,0.3333333333333333,8.635351993330499,2.9385969429866523,0.000792835020667111,8.626854770774255,2.9371507912897927,0.012141524767532327,0.0007505416870117188,2.7486486292854157e-05,0.6998480601848537,2.8682975577209972e-11,6.651485965439248e-14,0,3.6101921545227406e-13,True
awgn,13,1.5707963267948966,0.5,4.325532392795962,2.079791430118886,0.49999999999999994,4.316033600153142,2.0775065824572354,0.009648122373154697,0.5004758834838867,0.00048828124999999995,0.9845224050276778,2.1572455167942596e-13,1.2143597784346949e-14,0,3.6101921545227406e-13,True
awgn,14,-1.5707963267948966,-0.5,3.4161840460757196,1.848292197158155,0.4999999999999999,3.419581988108252,1.8492111799651905,0.0075956056639510374,0.49948883056640625,0.00048828125,0.4473562982158552,1.5863009333854846e-12,7.77332125585426e-15,0,4.5449626447886114e-13,True
awgn,14,-1.0471975511965976,-0.3333333333333333,6.829258606743688,2.6132850221021986,0.00019710575822605433,6.825323965151464,2.6125320983963936,0.009634174732352977,0.00020122528076171875,1.3709035281169413e-05,0.40840463262626864,6.3366409053539e-13,3.727725387812924e-12,0,4.5449626447886114e-13,True
awgn,14,0.0,0.0,6.832368089636583,2.613879891968371,6.810189128780811e-13,6.837843202321322,2.6149269975128027,0.009635916214194148,0.0,8.058971685012234e-10,0.5681984528542761,3.1692030176124184e-12,1.2260113059123775e-18,0,4.5449626447886114e-13,True
awgn,14,1.0471975511965976,0.3333333333333333,6.829258606743682,2.6132850221021973,0.00019710575822605433,6.827045038836041,2.6128614656801155,0.009618613833947558,0.00020122528076171875,1.3709035281169413e-05,0.23013377455997625,6.336630636508628e-13,3.727725387812924e-12,0,4.5449626447886114e-13,True
awgn,14,1.5707963267948966,0.5,3.4161840460757222,1.8482921971581556,0.4999999999999999,3.41671564521214,1.8484359997609168,0.007583197674674652,0.49948883056640625,0.00048828125,0.07010223908486973,1.586244770018884e-12,7.77332125585426e-15,0,4.5449626447886114e-13,True
awgn,15,-1.5707963267948966,-0.5,2.701505643135582,1.6436257612776646,0.5000000000000001,2.702854925808717,1.6440361692519776,0.0059828809628681015,0.5000619888305664,0.00048828125,0.22552390420419102,5.037834929014482e-13,5.382069265137851e-14,0,5.721768969179611e-13,True
awgn,15,-1.0471975511965976,-0.3333333333333333,5.4025716019202905,2.3243432624980955,3.4990017129852626e-05,5.399126773608704,2.3236021117241017,0.007589980090943191,2.956390380859375e-05,5.776496609767119e-06,0.45386526319047993,5.692745908668114e-13,2.625826371434367e-12,0,5.721768969179611e-13,True
awgn,15,0.0,0.0,5.403011286267824,2.324437843063958,9.123957362628923e-16,5.401286132155262,2.324066722827738,0.007588070031003207,0.0,2.949793857327136e-11,0.2273508422449501,1.0082059048194e-12,8.761157598216867e-21,0,5.721768969179611e-13,True
awgn,15,1.0471975511965976,0.3333333333333333,5.402571601920283,2.324343262498094,3.4990017129852626e-05,5.394593300149755,2.322626379801486,0.007565719837775777,2.956390380859375e-05,5.776496609767119e-06,1.0545330704280584,5.692582598598301e-13,2.625826371434367e-12,0,5.721768969179611e-13,True
awgn,15,1.5707963267948966,0.5,2.701505643135585,1.6436257612776652,0.5000000000000001,2.69994645857562,1.6431513802981208,0.0059652314069952765,0.5000619888305664,0.00048828125,0.2613787217267947,5.038191292716051e-13,5.382069265137851e-14,0,5.721768969179611e-13,True
awgn,16,-1.5707963267948966,-0.5,2.1384408476783685,1.4623408794389796,0.49999999999999994,2.139894982507144,1.4628379891522998,0.004725980061962228,0.5002040863037109,0.00048828124999999995,0.3076895817820668,4.07489740634184e-11,8.928341593085655e-14,0,7.203280355715531e-13,True
awgn,16,-1.0471975511965976,-0.3333333333333333,4.276840963934022,2.0680524567655487,4.068596464493878e-06,4.2753408900079375,2.067689747038452,0.005973752059280677,1.9073486328125e-06,1.9697969858295148e-06,0.2511108447754184,1.8675626022154975e-12,1.4181797323668917e-17,0,7.203280355715531e-13,True
awgn,16,0.0,0.0,4.276881695356741,2.068062304515205,2.2673958444560045e-19,4.280414525182678,2.0689162682870177,0.005987875219978886,0.0,4.650115248016927e-13,0.5899972354383946,8.14971856361173e-11,1.026463673017333e-23,0,7.203280355715531e-13,True
awgn,16,1.0471975511965976,0.3333333333333333,4.276840963934016,2.0680524567655474,4.068596464493878e-06,4.274013998018905,2.067368858723306,0.005959324597969784,1.9073486328125e-06,1.9697969858295148e-06,0.47437689768976693,1.8675344841097805e-12,1.4181797323668917e-17,0,7.203280355715531e-13,True
awgn,16,1.5707963267948966,0.5,2.138440847678371,1.4623408794389805,0.49999999999999994,2.1383369459050368,1.4623053531684265,0.0047188385962893455,0.5002040863037109,0.00048828124999999995,0.022018505446682775,4.0749132573776014e-11,8.928341593085655e-14,0,7.203280355715531e-13,True
awgn,17,-1.5707963267948966,-0.5,1.6940101481819088,1.3015414508120395,0.5000000000000001,1.690928979880801,1.300357250866392,0.00373261933239983,0.5007238388061523,0.00048828125,0.8254708092954228,1.0796161062259297e-12,3.714328100461445e-12,0,9.068392688088007e-13,True
awgn,17,-1.0471975511965976,-0.3333333333333333,3.3880180795800596,1.8406569695573534,2.7796097185233385e-07,3.3873493269324193,1.8404752991910593,0.004736225876990606,0.0,5.14863249937125e-07,0.14119948351476214,3.4860684374769405e-12,9.597095837742088e-17,0,9.068392688088007e-13,True
awgn,17,0.0,0.0,3.3880202963638193,1.8406575717291414,6.75896977068672e-24,3.382638403129621,1.839195042166442,0.004717153813731656,0.0,2.5388690150675687e-15,1.140919598282284,2.158520679865307e-12,1.289797262370334e-27,0,9.068392688088007e-13,True
awgn,17,1.0471975511965976,0.3333333333333333,3.388018079580054,1.8406569695573518,2.7796097185233385e-07,3.381026814656467,1.8387568666510716,0.0047260414350315015,0.0,5.14863249937125e-07,1.4793067347578628,3.4860951812717007e-12,9.597095837742088e-17,0,9.068392688088007e-13,True
awgn,17,1.5707963267948966,0.5,1.6940101481819079,1.3015414508120393,0.5000000000000001,1.6880195687714756,1.2992380723991563,0.0037230996310257136,0.5007238388061523,0.00048828125,1.6090301104249085,1.0796201522107376e-12,3.714328100461445e-12,0,9.068392688088007e-13,True
awgn,18,-1.5707963267948966,-0.5,1.3427281027373545,1.1587614520415126,0.49999999999999994,1.340148585230026,1.1576478675443693,0.002947993169912481,0.5001325607299805,0.00048828124999999995,0.8750079659802042,3.765517442593062e-13,1.2436378702560813e-14,0,1.1416429999162412e-12,True
awgn,18,-1.0471975511965976,-0.3333333333333333,2.685456143676609,1.638736142176833,9.729198774321461e-09,2.6801874589917603,1.6371278077754834,0.003735930686343684,0.0,9.632490280300988e-08,1.4102736713258655,2.9052509419914503e-12,1.5660473438754985e-17,0,1.1416429999162412e-12,True
awgn,18,0.0,0.0,2.6854562054747104,1.6387361610322482,1.3960143109461594e-29,2.681249765794582,1.6374522178660915,0.0037372335704317326,0.0,3.6487573140521704e-18,1.1255490460667947,7.528889376174805e-13,1.0157606012746243e-32,0,1.1416429999162412e-12,True
awgn,18,1.0471975511965976,0.3333333333333333,2.6854561436766047,1.6387361421768316,9.729198774321461e-09,2.6773982006951287,1.6362757104764247,0.003738471958558405,0.0,9.632490280300988e-08,2.155410839187684,2.9055038118872335e-12,1.5660473438754985e-17,0,1.1416429999162412e-12,True
awgn,18,1.5707963267948966,0.5,1.3427281027373534,1.1587614520415122,0.49999999999999994,1.3409540889801206,1.1579957206225422,0.002949307508506763,0.5001325607299805,0.00048828124999999995,0.6015017939350229,3.767427025416544e-13,1.2436378702560813e-14,0,1.1416429999162412e-12,True
rayleigh,6,-1.5707963267948966,-0.5,172.24167864669369,13.124087726264774,0.5,173.21732715662404,13.161205383878182,0.5935957268038691,0.4997730255126953,0.00048828125,1.6436245509778027,1.1268023797840603e-09,1.1097248560979455e-11,0,7.20328035571553e-14,True
rayleigh,6,-1.0471975511965976,-0.3333333333333333,133.3518435894858,11.54780687357932,0.14686611041545114,133.8465004373969,11.569204831681256,0.3758187033304451,0.14700603485107422,0.00034567616644710675,1.3162113634247912,8.429547944271483e-12,4.677630568670984e-12,0,7.20328035571553e-14,True
rayleigh,6,0.0,0.0,121.15812821674965,11.007185299464602,0.05299888392563878,121.33523955866407,11.01522762173638,0.21048002794092466,0.05317878723144531,0.00021878052030626207,0.84146388446953,1.3451254404941072e-12,5.884058121368027e-16,0,7.20328035571553e-14,True
rayleigh,6,1.0471975511965976,0.3333333333333333,133.3518435894858,11.54780687357932,0.14686611041545114,133.0277072675122,11.533763794508374,0.37387991495281686,0.14700603485107422,0.00034567616644710675,0.8669530215724937,8.429617910777122e-12,4.677630568670984e-12,0,7.20328035571553e-14,True
rayleigh,6,1.5707963267948966,0.5,172.2416786466937,13.124087726264776,0.5,171.78031355075615,13.106498905152213,0.5906666026474262,0.4997730255126953,0.00048828125,0.7810922335369599,1.126801954166945e-09,1.1097248560979455e-11,0,7.20328035571553e-14,True
rayleigh,7,-1.5707963267948966,-0.5,143.81351261540777,11.992227174941599,0.5,144.07040799174615,12.002933307810476,0.5393141178313412,0.4997119903564453,0.00048828125,0.47633719912875694,1.5966384685951792e-12,5.5511149771443546e-15,0,9.068392688088006e-14,True
rayleigh,7,-1.0471975511965976,-0.3333333333333333,113.78281499264965,10.66690278350045,0.12712566748828033,114.10014392170633,10.68176689137646,0.34307116579425734,0.1274099349975586,0.0003253063403656788,0.9249653153508985,1.9891599149274194e-10,7.975527910279901e-12,0,9.068392688088006e-14,True
rayleigh,7,0.0,0.0,104.57506440052336,10.226195010878843,0.043474406746062566,104.66555323006229,10.230618418749781,0.19521004580500406,0.043274879455566406,0.00019914305849952956,0.4635459674514732,1.1610164593572902e-12,4.826628735139789e-16,0,9.068392688088006e-14,True
rayleigh,7,1.0471975511965976,0.3333333333333333,113.78281499264966,10.66690278350045,0.12712566748828036,114.07419790723301,10.68055232219912,0.3426711303279253,0.1274099349975586,0.00032530634036567887,0.8503281683067601,1.98916064388931e-10,7.975527910279901e-12,0,9.068392688088006e-14,True
rayleigh,7,1.5707963267948966,0.5,143.81351261540777,11.992227174941599,0.5,143.91350586836143,11.996395536508516,0.538892001964937,0.4997119903564453,0.00048828125,0.18555341810427964,1.596661278264352e-12,5.5511149771443546e-15,0,9.068392688088006e-14,True
rayleigh,8,-1.5707963267948966,-0.5,119.45938688896194,10.92974779621936,0.5000000000000001,119.74399551965577,10.942759958970852,0.4900739217593882,0.49961280822753906,0.00048828125,0.5807463283744347,1.3262643835689604e-12,5.551114425008891e-15,0,1.1416429999162411e-13,True
rayleigh,8,-1.0471975511965976,-0.3333333333333333,96.64447509322162,9.830792190521658,0.10884430662117733,96.79697095539646,9.838545164575729,0.31104472577669645,0.10870647430419922,0.000304144309251825,0.4902698857666031,4.3251033768111105e-12,3.9613950063679385e-12,0,1.1416429999162411e-13,True
rayleigh,8,0.0,0.0,89.71058412002294,9.471567141715406,0.0354590676278381,89.48385091535215,9.459590420063236,0.17967638808504005,0.035178184509277344,0.00018060261346969226,1.2618976098488894,9.959876483180108e-13,3.936747331216639e-16,0,1.1416429999162411e-13,True
rayleigh,8,1.0471975511965976,0.3333333333333333,96.64447509322164,9.83079219052166,0.10884430662117733,96.56987735039093,9.826997372055766,0.3104618143087397,0.10870647430419922,0.000304144309251825,0.24027992942325127,4.324972954145804e-12,3.9613950063679385e-12,0,1.1416429999162411e-13,True
rayleigh,8,1.5707963267948966,0.5,119.45938688896194,10.92974779621936,0.5000000000000001,119.00682341512558,10.909024860872101,0.48830235440093844,0.49961280822753906,0.00048828125,0.9268099360110187,1.3262720868207637e-12,5.551114425008891e-15,0,1.1416429999162411e-13,True
rayleigh,9,-1.5707963267948966,-0.5,98.79217753409677,9.939425412673348,0.5,99.4859739878483,9.974265586390223,0.4448004346467637,0.49950122833251953,0.00048828125,1.559792661404449,1.271504217316112e-12,6.023906379347199e-15,0,1.4372433837914822e-13,True
rayleigh,9,-1.0471975511965976,-0.3333333333333333,81.7532753742246,9.041751786806836,0.09223668187296542,82.0516807495577,9.058238280678959,0.2822942490874046,0.09211254119873047,0.00028257790021441755,1.0570721022400673,1.1841159257986932e-10,2.9749591944426432e-12,0,1.4372433837914822e-13,True
rayleigh,9,0.0,0.0,76.5344981935943,8.748399750445467,0.028782367100433345,76.38828728728203,8.740039318405955,0.16503041145774522,0.02852916717529297,0.00016327570839425588,0.8859634113541123,1.1990741323642646e-12,3.1954846658114706e-16,0,1.4372433837914822e-13,True
rayleigh,9,1.0471975511965976,0.3333333333333333,81.75327537422461,9.041751786806836,0.09223668187296541,81.93494920526301,9.051792596235456,0.28151237526587713,0.09211254119873047,0.0002825779002144175,0.6453493593907258,1.1841123840117573e-10,2.9749591944426432e-12,0,1.4372433837914822e-13,True
rayleigh,9,1.5707963267948966,0.5,98.79217753409677,9.939425412673348,0.5,99.3297575740417,9.966431536615385,0.44375517502852124,0.49950122833251953,0.00048828125,1.2114338495553905,1.2714836974929786e-12,6.023906379347199e-15,0,1.4372433837914822e-13,True
rayleigh,10,-1.5707963267948966,-0.5,81.39464963657308,9.02189833885159,0.5000000000000001,81.13992723547082,9.007770380925061,0.39928636364587805,0.500152587890625,0.00048828125,0.6379441531045283,1.0203076755984668e-12,6.382365582133949e-15,0,1.809382218788134e-13,True
rayleigh,10,-1.0471975511965976,-0.3333333333333333,68.90357105296407,8.30081749305236,0.07742287263574171,68.84688720518669,8.297402437220137,0.25466701982350626,0.07761001586914062,0.00026099730655510195,0.2225802454383869,7.783982559856122e-13,8.595665583268193e-16,0,1.809382218788134e-13,True
rayleigh,10,0.0,0.0,64.97028566108801,8.060414732573506,0.02326870537720385,64.98141525349837,8.06110508885093,0.15142686051843968,0.023317337036132812,0.00014722233621961117,0.07349813878628583,9.546597542956646e-13,2.58334524629909e-16,0,1.809382218788134e-13,True
rayleigh,10,1.0471975511965976,0.3333333333333333,68.90357105296405,8.300817493052358,0.07742287263574171,68.73498568947605,8.290656529459898,0.25400635949535305,0.07761001586914062,0.00026099730655510195,0.6637052860524554,7.784085993828638e-13,8.595665583268193e-16,0,1.809382218788134e-13,True
rayleigh,10,1.5707963267948966,0.5,81.39464963657309,9.02189833885159,0.5000000000000001,81.0000657079216,9.000003650439348,0.3986700108751055,0.500152587890625,0.00048828125,0.9897507158498055,1.0202772947501103e-12,6.382365582133949e-15,0,1.809382218788134e-13,True
rayleigh,11,-1.5707963267948966,-0.5,66.84882879186952,8.17611330595837,0.49999999999999994,66.98883732566782,8.184670874608692,0.3605000359296899,0.5001602172851562,0.00048828124999999995,0.38837314797272565,1.2336384744259504e-11,3.284483568082897e-13,0,2.277877254880896e-13,True
rayleigh,11,-1.0471975511965976,-0.3333333333333333,57.88214121756688,7.608031362814357,0.06443138960610086,57.93530307750819,7.611524359647559,0.22966157708161503,0.06458377838134766,0.00023976545643139492,0.23147912078655147,8.432937893864573e-13,7.153321224930527e-16,0,2.277877254880896e-13,True
rayleigh,11,0.0,0.0,54.90916255090647,7.410071696745347,0.01874839120205882,55.00938931555767,7.416831487606933,0.13820807239421048,0.018833160400390625,0.00013245618358199957,0.7251874866275555,2.3797660487003734e-11,2.0814895587205418e-16,0,2.277877254880896e-13,True
rayleigh,11,1.0471975511965976,0.3333333333333333,57.88214121756688,7.608031362814357,0.06443138960610086,57.82885205316762,7.6045283912395005,0.2299380317248554,0.06458377838134766,0.00023976545643139492,0.23175446010178033,8.433116030716732e-13,7.153321224930527e-16,0,2.277877254880896e-13,True
rayleigh,11,1.5707963267948966,0.5,66.84882879186952,8.17611330595837,0.49999999999999994,66.86262815524539,8.17695714524941,0.36095546321557026,0.5001602172851562,0.00048828124999999995,0.03823009978276897,1.2336072368672952e-11,3.284483568082897e-13,0,2.277877254880896e-13,True
rayleigh,12,-1.5707963267948966,-0.5,54.7563677738669,7.399754575245513,0.5,54.85324936102944,7.406297952488101,0.32426654853168757,0.5005617141723633,0.00048828125,0.29877145083645595,1.77818444841962e-10,6.440444491233199e-12,0,2.8676775611174983e-13,True
rayleigh,12,-1.0471975511965976,-0.3333333333333333,48.478751254454934,6.96266840043779,0.05321206886874608,48.57376700684293,6.969488288737052,0.20722932508594094,0.05338287353515625,0.0002191954183536784,0.45850534111709035,7.89597626336145e-13,5.907726404606047e-16,0,2.8676775611174983e-13,True
rayleigh,12,0.0,0.0,46.222723667614346,6.798729562764969,0.015064680370352794,46.294228543826506,6.803986224547086,0.1254608507540878,0.015093803405761719,0.00011895531733764377,0.5699377597264534,3.549342016736718e-10,1.6725155005784303e-16,0,2.8676775611174983e-13,True
rayleigh,12,1.0471975511965976,0.3333333333333333,48.47875125445493,6.9626684004377895,0.05321206886874608,48.45014881308979,6.960614111778485,0.20668047839477985,0.05338287353515625,0.0002191954183536784,0.13838966111982823,7.895658653385907e-13,5.907726404606047e-16,0,2.8676775611174983e-13,True
rayleigh,12,1.5707963267948966,0.5,54.756367773866906,7.399754575245513,0.5,54.70453706000515,7.396251554673161,0.32370701070758623,0.5005617141723633,0.00048828125,0.1601161301649243,1.7781871448643042e-10,6.440444491233199e-12,0,2.8676775611174983e-13,True
rayleigh,13,-1.5707963267948966,-0.5,44.75106741879732,6.689623862280847,0.49999999999999994,44.63830954345673,6.681190727965841,0.2903322720344903,0.4997835159301758,0.00048828124999999995,0.3883752727536819,4.972277293300762e-13,5.550980352006165e-15,0,3.6101921545227406e-13,True
rayleigh,13,-1.0471975511965976,-0.3333333333333333,40.493255352933645,6.363431099095333,0.043654824536713696,40.33758454683414,6.351187648529536,0.1853158949353582,0.04355144500732422,0.0001995370294518236,0.8400294327359712,2.853593799053654e-11,4.846659133662842e-16,0,3.6101921545227406e-13,True
rayleigh,13,0.0,0.0,38.77338287895992,6.2268276737806,0.012077547409991571,38.82775394425221,6.231192016320168,0.11393503048363054,0.012187957763671875,0.00010667210044876566,0.4772111356927977,4.304665981873011e-13,1.3408771215574568e-16,0,3.6101921545227406e-13,True
rayleigh,13,1.0471975511965976,0.3333333333333333,40.493255352933645,6.363431099095333,0.043654824536713696,40.65554669871805,6.376170221905784,0.18691911401325265,0.04355144500732422,0.0001995370294518236,0.8682437140853182,2.8535769566743536e-11,4.846659133662842e-16,0,3.6101921545227406e-13,True
rayleigh,13,1.5707963267948966,0.5,44.75106741879732,6.689623862280847,0.49999999999999994,44.98244976971012,6.706895687999786,0.29184892512854466,0.4997835159301758,0.00048828124999999995,0.7928154979871541,4.96508413381454e-13,5.550980352006165e-15,0,3.6101921545227406e-13,True
rayleigh,14,-1.5707963267948966,-0.5,36.50524092431054,6.041956713210592,0.49999999999999994,36.383475988061846,6.031871681995717,0.2599321258375791,0.4994363784790039,0.00048828124999999995,0.468448968577209,2.0231067177063985e-10,4.820695815493617e-12,0,4.5449626447886114e-13,True
rayleigh,14,-1.0471975511965976,-0.3333333333333333,33.73994074637832,5.808609192085341,0.0356100762122327,33.61560322430962,5.7978964482223745,0.1659398025163932,0.03559398651123047,0.00018097260046582073,0.7492929374579474,2.499589605406208e-10,5.890164502521794e-12,0,4.5449626447886114e-13,True
rayleigh,14,0.0,0.0,32.42238955113933,5.694066170245946,0.00966503894843852,32.37429723551308,5.689841582637699,0.10249621486026413,0.009609222412109375,9.554168647440567e-05,0.46921065028415654,4.0417060846756426e-10,1.0730348774455355e-16,0,4.5449626447886114e-13,True
rayleigh,14,1.0471975511965976,0.3333333333333333,33.739940746378316,5.808609192085341,0.0356100762122327,33.61248402200518,5.797627447672468,0.16575255911773054,0.03559398651123047,0.00018097260046582073,0.7689578070562995,2.499588023248189e-10,5.890164502521794e-12,0,4.5449626447886114e-13,True
rayleigh,14,1.5707963267948966,0.5,36.50524092431054,6.041956713210592,0.49999999999999994,36.46377606885708,6.0385243287459796,0.25987353309477607,0.4994363784790039,0.00048828124999999995,0.15955782399102555,2.0231051163397897e-10,4.820695815493617e-12,0,4.5449626447886114e-13,True
rayleigh,15,-1.5707963267948966,-0.5,29.7316469226877,5.452673373922896,0.5,29.94988394158109,5.472648713518993,0.23465879407171805,0.4991588592529297,0.00048828125,0.9300184966717723,3.6247033545211887e-13,5.551114358119775e-15,0,5.721768969179611e-13,True
rayleigh,15,-1.0471975511965976,-0.3333333333333333,28.04981309496766,5.29620742559878,0.028907575353557126,28.210557578988947,5.31136117948958,0.15077025646669645,0.0290374755859375,0.00016361991386212534,1.0661551408635637,2.0228082760309906e-11,1.1700491177348174e-11,0,5.721768969179611e-13,True
rayleigh,15,0.0,0.0,27.0355582270487,5.199572888906232,0.007723002272022543,27.108074878168594,5.206541546762937,0.09290430688755674,0.007756233215332031,8.548887198197655e-05,0.7805520922475861,3.650367905393035e-13,8.574254941631824e-17,0,5.721768969179611e-13,True
rayleigh,15,1.0471975511965976,0.3333333333333333,28.049813094967654,5.29620742559878,0.028907575353557126,28.015353777875696,5.292953218938903,0.14877954127761797,0.0290374755859375,0.00016361991386212534,0.2316132769065206,2.0228276012658103e-11,1.1700491177348174e-11,0,5.721768969179611e-13,True
rayleigh,15,1.5707963267948966,0.5,29.7316469226877,5.452673373922896,0.5,29.709543611837958,5.450646164615527,0.23283034161316346,0.4991588592529297,0.00048828125,0.09493312038541675,3.6248297737915197e-13,5.551114358119775e-15,0,5.721768969179611e-13,True
rayleigh,16,-1.5707963267948966,-0.5,24.182489507070585,4.917569471504249,0.5,24.08808844652225,4.907961740531628,0.20765394350507907,0.5001068115234375,0.00048828125,0.4546075983672646,3.2495355470644723e-13,8.768743771351035e-15,0,7.203280355715531e-13,True
rayleigh,16,-1.0471975511965976,-0.3333333333333333,23.27142208026822,4.824046235295452,0.023371701696478318,23.124979192260803,4.808843851931647,0.13290160948598345,0.02315521240234375,0.0001475400283819485,1.1018894998623927,2.5871837148796414e-13,2.594780134790965e-16,0,7.203280355715531e-13,True
rayleigh,16,0.0,0.0,22.48703894173714,4.74205007794489,0.006163834746364482,22.385651324850194,4.731347728169025,0.08305366710155558,0.006129264831542969,7.643335708023321e-05,1.22074822732357,3.6284008697400264e-13,6.84323125539841e-17,0,7.203280355715531e-13,True
rayleigh,16,1.0471975511965976,0.3333333333333333,23.27142208026822,4.824046235295452,0.023371701696478318,23.305752657100264,4.827603200046609,0.13430563323756015,0.02315521240234375,0.0001475400283819485,0.2556153156384743,2.587248478697997e-13,2.594780134790965e-16,0,7.203280355715531e-13,True
rayleigh,16,1.5707963267948966,0.5,24.182489507070585,4.917569471504249,0.5,24.291141207788897,4.928604387429457,0.20942331472425346,0.5001068115234375,0.00048828125,0.5188137761135764,3.2505604172259806e-13,8.768743771351035e-15,0,7.203280355715531e-13,True
rayleigh,17,-1.5707963267948966,-0.5,19.6466595663909,4.4324552526101035,0.5,19.765388121696787,4.445828170509606,0.18727915040063184,0.5000123977661133,0.00048828125,0.6339656873277264,2.1736432725769068e-12,2.1463386577770684e-13,0,9.068392688088007e-13,True
rayleigh,17,-1.0471975511965976,-0.3333333333333333,19.270698684603605,4.3898403939783055,0.01883255864208456,19.26366060548849,4.389038688082903,0.1196853504430757,0.018955230712890625,0.00013274747581408652,0.05880485029338087,2.596708712132355e-13,2.0908340217258182e-16,0,9.068392688088007e-13,True
rayleigh,17,0.0,0.0,18.661523152772762,4.319898511860291,0.004914730544469625,18.81294336731844,4.337389003458006,0.07563284375759631,0.005009651184082031,6.829360653277438e-05,2.002043120723845,4.117681957441992e-12,5.4564470102987093e-17,0,9.068392688088007e-13,True
rayleigh,17,1.0471975511965976,0.3333333333333333,19.2706986846036,4.3898403939783055,0.01883255864208456,19.49186892359699,4.414959674062379,0.12103632860170557,0.018955230712890625,0.00013274747581408652,1.8273045915098172,2.5968326148049336e-13,2.0908340217258182e-16,0,9.068392688088007e-13,True
rayleigh,17,1.5707963267948966,0.5,19.6466595663909,4.4324552526101035,0.5,20.04562702043853,4.47723430484027,0.18921778602847034,0.5000123977661133,0.00048828125,2.108509260263738,2.1733394445057046e-12,2.1463386577770684e-13,0,9.068392688088007e-13,True
rayleigh,18,-1.5707963267948966,-0.5,15.946069769259998,3.993253030958594,0.5,15.89994868386705,3.9874739728137474,0.1662327981612228,0.4993419647216797,0.00048828125,0.27744877005689433,3.737431617378178e-11,5.277708849360354e-12,0,1.1416429999162412e-12,True
rayleigh,18,-1.0471975511965976,-0.3333333333333333,15.930156766229125,3.99126004743228,0.015133087446169645,15.817355310224624,3.9771038847664797,0.1060085287406843,0.015118598937988281,0.00011922095264691354,1.0640790636801818,2.1093657949727045e-13,3.745178814979437e-16,0,1.1416429999162412e-12,True
rayleigh,18,0.0,0.0,15.455271706082709,3.931319334025501,0.0039157486479311785,15.407084404458999,3.9251859069933235,0.06694709838457068,0.0038385391235351562,6.098955765800827e-05,0.7197817797405136,7.456577060584097e-11,4.3473543075780205e-17,0,1.1416429999162412e-12,True
rayleigh,18,1.0471975511965976,0.3333333333333333,15.930156766229125,3.99126004743228,0.015133087446169645,15.907625349760188,3.9884364542712962,0.10648503872467291,0.015118598937988281,0.00011922095264691354,0.2115923207502758,2.109307767739882e-13,3.745178814979437e-16,0,1.1416429999162412e-12,True
rayleigh,18,1.5707963267948966,0.5,15.946069769259998,3.993253030958594,0.5,15.893269751518222,3.986636395699791,0.16568389149302276,0.4993419647216797,0.00048828125,0.3186792467630993,3.737443569965976e-11,5.277708849360354e-12,0,1.1416429999162412e-12,True
